Preis;Preis/ Preis-Leistung
Bedienung;Bedienung
Reinigung;Reinigung
Wasser;Wasserbehälter/ Wasser
Design;Design
Leistung;Preis/ Preis-Leistung
Geld;Preis/ Preis-Leistung
Tasse;Tasse
Handhabung;Bedienung
preis;Preis/ Preis-Leistung
Einstellung;Bedienung
Wasserbehälter;Wasserbehälter/ Wasser
kompakt;Bedienung
reinigen;Reinigung
Behälter;Wasserbehälter/ Wasser
Qualität;Qualität
Geschmack;Geschmack
lecker;Geschmack
Leerung;Wasserbehälter/ Wasser
Ausführung;Bedienung
Kinderleicht;Bedienung
Zubereitung;Bedienung
Anzeige;Design
Leckere;Geschmack
Feinschmecker;Geschmack
Anleitung;Bedienung
Gourmets;Geschmack
Funktion;Bedienung
Taste;Bedienung
Lebensdauer;Qualität
Optik;Design
Display;Bedienung
Wassertank;Wasserbehälter/ Wasser
Reinigungsmittel;Reinigung
leistung;Preis/ Preis-Leistung
Wartung;Reinigung
Reinigen;Reinigung
elegant;Design
schmeck;Geschmack
Sensortasten;Bedienung
Beleuchtung;Design
Auslauf;Qualität
Gehäuse;Design
Lieferung;Lieferung
bedienung;Bedienung
Geschmacksrichtung;Auswahl/ Sortiment
pflegeleicht;Reinigung
Riesenauswahl;Auswahl/ Sortiment
optisch;Design
Hingucker;Design
Entkalker;Reinigung
Desgin;Design
Tank;Wasserbehälter/ Wasser
Kaffequalität;Geschmack
chic;Design
Kaffeestärke;Geschmack
Benutzung;Bedienung
Kaffeegenuss;Geschmack
Aroma;Geschmack
Kaffeevarianten;Auswahl/ Sortiment
Bestellung;Lieferung
Verarbeitung;Qualität
Stärke;Geschmack
Aussehen;Design
lecker;Geschmack
Kaffeegeschmack;Geschmack
Verpackung;Lieferung
Pflege;Reinigung
Sorte;Auswahl/ Sortiment
Kaffeemenge;Geschmack
Wassermenge;Wasserbehälter/ Wasser
Bedienungsanleitung;Bedienung
Kaffeegenuß;Geschmack
Kaffeequalität;Geschmack
Funktionalität;Bedienung
Temperatur;Geschmack
Paket;Lieferung
Material;Qualität
Bedienen;Bedienung
Preisleistung;Preis/ Preis-Leistung
Preisleistungsverhältnis;Preis/ Preis-Leistung
Kaffeezubereitung;Bedienung
Technik;Bedienung
Geräusch;Qualität
Lautstärke;Qualität
schön;Design
Variante;Auswahl/ Sortiment
Farbe;Design
edel;Design
Kaffeesorten;Auswahl/ Sortiment
Reparatur;Reinigung
Anwendung;Bedienung
Variation;Auswahl/ Sortiment
Kaffeesorte;Auswahl/ Sortiment
Versand;Lieferung
Füllmenge;Wasserbehälter/ Wasser
Intensität;Geschmack
Gebrauchsanweisung;Bedienung
Auswahl;Auswahl/ Sortiment
Handling;Bedienung
Kaffeearoma;Geschmack
Rücksendung;Lieferung
Bedienbarkeit;Bedienung
Leise;Qualität
Platzsparend;Design
Spülung;Reinigung
Gebrauchsanleitung;Bedienung
Nutzung;Bedienung
Auffüllen;Wasserbehälter/ Wasser
Stellfläche;Design
Entkalkung;Reinigung
Brühergebnis;Geschmack
Tassenbeleuchtung;Tasse
Formschön;Design
Betriebsanleitung;Bedienung
Entkalken;Reinigung
Bauweise;Qualität
Retoure;Lieferung
Plustaste;Bedienung
Ausstattung;Qualität
Wärme;Geschmack
Becher;Tasse
Kaffeepulvermenge;Geschmack
Aufheizen;Geschmack
Langlebigkeit;Qualität
Genuss;Geschmack
Spitzenpreis;Preis/ Preis-Leistung
Schick;Design
Disign;Design
Umtausch;Lieferung
säubern;Reinigung
Haptik;Bedienung
Preissegment;Preis/ Preis-Leistung
Reklamation;Lieferung
Aufwärmen;Geschmack
Einstellungsmöglichkeiten;Bedienung
Untertasse;Tasse
Nachlieferung;Lieferung
Pumpe;Wasserbehälter/ Wasser
Erscheinungsbild;Design
Voreinstellung;Bedienung
Milde;Geschmack
Kaffeevielfalt;Auswahl/ Sortiment
Trinktemperatur;Geschmack
Zubereitungsarten;Auswahl/ Sortiment
Geräuschkulisse;Qualität
Blickfang;Design
Touchscreen;Bedienung
Kaufpreis;Preis/ Preis-Leistung
entleeren;Reinigung
Vielseitigkeit;Auswahl/ Sortiment
Kaffeetasse;Tasse
Befüllung;Wasserbehälter/ Wasser
Schmuckstück;Design
Handlich;Bedienung
Schnäppchen;Preis/ Preis-Leistung
Genus;Geschmack
Wasse;Wasserbehälter/ Wasser
Dessin;Design
Entlehren;Reinigung
lauwarm;Geschmack
Baristasorten;Auswahl/ Sortiment
Getränkeauswahl;Auswahl/ Sortiment
Bedeienung;Bedienung
Restentfernung;Reinigung
Trinkergebnis;Geschmack
Wasserstandanzeiger;Wasserbehälter/ Wasser
Tassenhöhe;Tasse
Kaffeegescmack;Geschmack
Kaffeegeräusche;Qualität
Arbeitsgeräusche;Qualität
Kaffeegeschack;Geschmack
leistungsstark;Qualität
Betriebnahme;Bedienung
Inbetriebnahme;Bedienung
Farbvariante;Design
Aufmachung;Design
Preisleisung;Preis/ Preis-Leistung
Kräftigkeit;Geschmack
Preisleistungssieger;Preis/ Preis-Leistung
Digitalanzeige;Bedienung
Preisbereich;Preis/ Preis-Leistung
Entkalkungsvorgang;Reinigung
Sortenwechsel;Auswahl/ Sortiment
Lautstärkepegel;Qualität
pflegeaufwand;Reinigung
Preisklasse;Preis/ Preis-Leistung
Reinigungsaufwand;Reinigung
Bedienungsfreundlichkeit;Bedienung
disigne;Design
Getränketypen;Auswahl/ Sortiment
Kaffeevariationen;Auswahl/ Sortiment
Bedienug ;Bedienung
Geräuschniveau;Qualität
Wassertankbefüllung;Wasserbehälter/ Wasser
Reinigu;Reinigung
pflegen;Reinigung
Teesorten;Auswahl/ Sortiment
günstig;Preis/ Preis-Leistung
hochwertig;Qualität
billig;Preis/ Preis-Leistung
Kaffeeauswahl;Auswahl/ Sortiment
handhaben;Bedienung
preislich;Preis/ Preis-Leistung
Gebrauch;Bedienung
vielfältig;Auswahl/ Sortiment
Preislage;Preis/ Preis-Leistung
preiswert;Preis/ Preis-Leistung
Wassertanks;Wasserbehälter/ Wasser
schmackhaft;Geschmack
spülen;Reinigung
Geräuschpegel;Qualität
saubere;Reinigung
preiswerte;Preis/ Preis-Leistung
zulaut;Qualität
laut;Qualität
schmeckt;Geschmack
mild;Geschmack
Tassengröße;Tasse
Säuberung;Reinigung
dekorativ;Design
händelbar;Bedienung
Geschmacksqualität;Geschmack
Wasserpumpe;Wasserbehälter/ Wasser
genießbar;Geschmack
Waasserbehälter;Wasserbehälter/ Wasser
Wasserzufuhr;Wasserbehälter/ Wasser
Vorprogrammierung;Bedienung
zureinigen;Reinigung
handhabbar;Bedienung
Reinigungsarbeiten;Reinigung
saubermachen;Reinigung
designmäßig;Design
handzuhaben;Bedienung
preiswerter;Preis/ Preis-Leistung
Bedienerfreundlich;Bedienung
Konditionen;Preis/ Preis-Leistung
Anwendubg;Bedienung
Putze;Reinigung
bedienungsfreundlicher;Bedienung
sauberhalten;Reinigung
Anschaffungspreis;Preis/ Preis-Leistung
Wasserspeicher;Wasserbehälter/ Wasser
händeln;Bedienung
Bedinung;Bedienung
Geschmacksrichtungen;Auswahl/ Sortiment
Kapselauswahl;Auswahl/ Sortiment
Eyecatcher;Design
Kapselpreise;Preis/ Preis-Leistung
teuer;Preis/ Preis-Leistung
Betriebsgeräusch;Qualität
Bedienungsanzeigen;Bedienung
kaffesorten;Auswahl/ Sortiment
Preisentscheidung;Preis/ Preis-Leistung
reinigungsintensiv;Reinigung
reinigend;Reinigung
bedienungsfeld;Bedienung
Wassertankfach;Wasserbehälter/ Wasser
Wasserkanister;Wasserbehälter/ Wasser
Spühlvorgang;Reinigung
Qualitätsanmutung;Qualität
Frischwasserbehälter;Wasserbehälter/ Wasser
Restwasserschublade;Wasserbehälter/ Wasser
Qualitätsurteil;Qualität
Reinigungsmöglichkeiten;Reinigung
Bedien;Bedienung
putzen;Reinigung
Spülgang;Reinigung
stilvoll;Design
Hochgenuss;Geschmack
Bedienungsfreundlich;Bedienung
Reingung;Reinigung
designte;Design
Entkalkungsinterval;Reinigung
Schlichtheit;Design
klapper;Qualität
klappern;Qualität
bedienbare;Bedienung
Geschmackserlebnis;Geschmack
Farbauswahl;Design
Kaffeearten;Auswahl/ Sortiment
Tassenfuelmenge;Tasse
Brühtemperatur;Geschmack
Programmierung;Bedienung
Wasserstand;Wasserbehälter/ Wasser
pflegeintentiv;Reinigung
Wassertemperatur;Geschmack
Reinigungsfreundlichkeit;Reinigung
Geräuscharmes;Qualität
Hygienisch;Reinigung
Umtauschservice;Lieferung
Funktionsumfang;Bedienung
Abwasser;Wasserbehälter/ Wasser
Wasserauslass;Wasserbehälter/ Wasser
Bedienfelder;Bedienung
Spülfunktion;Reinigung
Fassungsvermögen;Wasserbehälter/ Wasser
sauberer;Reinigung
Genusserlebnis;Geschmack
tassen;Tasse
Materialverarbeitung;Qualität
brummen;Qualität
Spültaste;Reinigung
todschick;Design
reinigungsprogramm;Reinigung
retonieren;Lieferung
Kaffeegschack;Geschmack
Bedienelemente;Bedienung
Handhabe;Bedienung
Wasserauffüllung;Wasserbehälter/ Wasser
Händlings;Bedienung
rappeln;Qualität
Kaffetasse;Tasse
Bedienfreundlich;Bedienung
hygienischen;Reinigung
Hygiene;Reinigung
wohlschmeckend;Geschmack
schmekt;Geschmack
bedienbarer;Bedienung
schmecken;Geschmack
defekt;Qualität
stylisch;Design
stylish;Design
Programm;Bedienung